index,text,label
205,@johnpodesta @HillaryClinton awesome every true chef needs this.. Go Hillary #SemST,AGAINST
232,Great convo last night w/ @schoolbus_soul & @zaksteib Great connections in #Waverly & on my #turf! #FellowsIA #CommitToCaucus #SemST,NONE
85,The Kool-Aid drinking leftanistas continue to close ranks with support for Madame Secretary. WTF? Hillary is a fraud full of lies. #SemST,AGAINST
435,"Apparently, putting cocaine in someone's butthole and then waiting for them to fart in your face is the wrong way to get high. #SemST",NONE
259,"RT @muradguderian: Democrats are Red, Obama is a Communist, I'm a true Patriot, So stop Hillary.  #tcot #SemST",AGAINST
206,Volunteer with  your local campaign this weekend! Help build Team Hillary - march w/ us in Bethesda! @AdamParkhomenko #MD #SemST,FAVOR
277,Do we call Bill Mr President...the first 1st man of Or mr president the 1st man? Lol #imreadyforhillary #SemST,FAVOR
326,I'm 19 years old and care about politics and elections.... I feel like I'm 67 years old #SemST,NONE
410,"We're out here in G-town, and where are you  #sctweets #SemST",NONE
53,@washingtonpost sir sory mae bi bharat mool ka hu par my hart is for democraet and #SemST,NONE
193,The guy in the multicolored shirt looks chi as fuck. #SemST,AGAINST
122,I am just full of myself tonight  #tofunny #funny #funnier #hilarious #HilaryDuff #QuotesOfTheDay #quotestoliveby #quotes #SemST,NONE
380,"#BENGHAZI WAIT DID I SAY ""THANK GOD?"" VOTERS? SRY!! MT!! I MEANT ""THANK GOODNESS!"" NO OFFENSE INTENDED! ##tcot #SemST",AGAINST
462,"HillaryClinton Next up for legalization: Your pet goat, or your #pedophile neighbor 'dating' the 9 year old next door.. #SemST",AGAINST
152,@ChrisChristie couldn't run his way out of a paper bag let alone beat #HillaryClinton. Go home Chris u r drunk. #ChrisChristie #SemST,FAVOR
420,@jhewitt1280 @SpeakerBoehner @HouseBenghazi @TGowdySC What her emails? They released the rest all very boring. #SemST,AGAINST
396,@HillaryIn2016 hey I just checked your blog. Kudos! Keep it up! #SemST,AGAINST
188,Do you know what would REALLY PISS .@HillaryClinton OFF?  .@VP .@JoeBiden runs against her. LMAO!   #WakeUpAmerica No longer is #SemST,AGAINST
489,@occupycorruptDC she ain't no ways tired of being a dumbass #SemST,NONE
229,@awj9009 not at all I think the statute of limitations has expired plus I can always have a driver ala #SemST,NONE
374,Kind of scares me that there are still thousands of emails that have not been released from Hillary's private emails.  #SemST,AGAINST
351,"Also, I finally moved to @FDCITY today! Will be much easier to get around going forward! #moving #SemST",NONE
441,Grateful for the chance to tell the world about my love of many flavors of ice cream! #WakeUpAmerica #SemST,AGAINST
473,@NumbersMuncher @HillaryClinton She's the animal!! She's also a sellout!!! Ppl that vote for her are sellouts!! #NoHillary2016 #SemST,AGAINST
470,Whoever is up now let it be known that support for #MarcoRubio never sleeps! We promote the #NewAmericanCentury 24/7 #Texas #TX #SemST,AGAINST
471,"@nytimes was that ""awkwardness"" or ""awfulness""? I think the latter #SemST",AGAINST
126,@businessinsider One thing that's painful is the mindless minutiae her strap hanging cling-ons force her to endure. #huma #SemST,AGAINST
173,@HillaryClinton Awesome video!  Vote for Chelsea's mom. #SemST,FAVOR
260,@HRCSnowShovel it must be hard work burying the @HillaryClinton anti-LGBT rights record #LoveWins #FeelTheBern #SemST,AGAINST
251,"Jimmy Fallon music playing. Thank you .... #DonaldTrump  ... for driving Latinos and Gays out to vote by the millions.  Love,  #SemST",NONE
389,@lajouetreine @KarrattiPaul I'm not a Genitalian #SemST,NONE
499,@46drhouse - Be interesting to see how Hillary defends same when questioned.  She will eventually have to answer questions. #SemST,AGAINST
450,Is there a Govt restart button? Someone needs to push that thing. #RememberBenghazi2016 #PatriotsWillRise #SemST,NONE
25,@Froquesha u get me that book yea?  #SemST,NONE
16,"Would you wanna be in a long term relationship with some bitch that hides her emails, & lies to your face? Then #Dontvote #SemST",AGAINST
401,"@JW4Hillary @MrDane1982 I choose ""it takes a village! #SemST",AGAINST
24,"Denial. It works for Hillary, why not the Mayor of #Baltimore. #DemocratLiesMatter #SemST",AGAINST
144,"@zacharyebell Thank you 4the follow. God bless you and those you love! God bless America, may she always be the land of the free! #SemST",NONE
200,@StateDept @AmbCathyRussell @AdamSmith_USA @HillaryClinton @HillaryforIA @BarackObama The whole #world is supporting you. #SemST,FAVOR
19,Madam President Clinton; you have all the gays vote. #jarrid #SemST,FAVOR
154,@politico   YAWNzzzzzzzzzzzzzz could keep the z's going for the full amt of Tweet characters but you get the point. #SemST,AGAINST
488,How many poor kids could $2.5 billion feed? #SemST,NONE
238,"This Friday is, officially, Political Incorrectness day! All day say whatever you want and offend everyone! Yay! #tcot #2A #PC  #SemST",NONE
393,I wish Bernie's fans would stop screaming. #Bernie2016 #SemST,AGAINST
261,"@Lawrence @TheLastWord There is no enthusiasm gap, Mr. Lawrence!    -@TheHRCSuperVols   @JW4Hillary @kimfrederi #Hillarymen #SemST",AGAINST
234,"So glad @ChrisChristie has announced his candidacy - fits right in with all the other ""qualifies"" republicans on the list. #SemST",AGAINST
340,Can @DavidCornDC help Cuckold Conservatives win in 2016!  More cuckoldry please!  #Christie2016 #DonaldTrump #UniteBlue #p2 #SemST,AGAINST
484,"A Black President,Healthcare 4 all, Marriage Equality...what's next?..a Woman President?!Damn RIGHT! #SCOTUS #MarriageEquality #SemST",FAVOR
301,Fox News predicting 3 way marriage-gee we have the Mormons for that!  #morningjoe #unitedblue #SemST,NONE
457,"Overheard at the Davenport open house: ""Oh, I know you from Facebook!"" #DigitalOrganizing #SemST",AGAINST
297,Don't you someday want to see a well qualified candidate by the president of the United States? #ReflectingHillary #SemST,FAVOR
248,".@NewtGingrich on @HillaryClinton: ""She's very formidable... she's a very competent person. #SemST",AGAINST
184,@FoundersGirl @Artist_Angie I want the first female to be competent. #SemST,AGAINST
269,@PolitiBunny @Seja75 @hubbit @HillaryClinton I'm voting in the Democrat primary this year...to support @BernieSanders.  #SemST,AGAINST
216,@petefrt this is how GOP needs to be handling campaign not attacking each other but showing all hillary fails. #uniteright #SemST,AGAINST
63,"@theblaze gee,  what a busy schedule she had. #SemST",AGAINST
153,Don't get it twisted. A major presidential candidate using her first policy speech to talk about mass incarcertaion. #SemST,AGAINST
34,Exciting to hear more about our Fellows all across the country on tonight's call. Special shout-out to the #FellowsIA. #SemST,NONE
28,@SLessard 100% agree. We need a woman like Hillary that can help this country get nursed back together! #SemST,FAVOR
405,I suspect Hillary's Scooby Doo tour is being used as a distraction from ServerGate et al.  #NoObamaThirdTerm #SemST,AGAINST
465,"I'm in a better place now that I got some coffee, now time to grow these grassroots   #sctweets #SemST",NONE
483,If you support @HillaryClinton you are supporting another term of the policies of George W Bush. #democrats #mepolitics #SemST,AGAINST
64,"@LeahR77 @DrMartyFox > With continued #Obama's & @TheDemocrats Admin policymaking, #USA will become #Greece! #WakeUpAmerica #NJ #SemST",AGAINST
117,@WestonMartinez @crazytas62 Cruz needs to autograph bomb #SemST,NONE
116,Fabulous @HillaryClinton ! You hit on every subject and I am proud of you ending on a note of kindness. #HillaryInNH #SemST,FAVOR
304,@CBSThisMorning Emails missing and incomplete? Who'd of thunk it?  I'M ABOVE THE LAW and the rest of you peons! JUST TRUST ME! #SemST,AGAINST
246,@rebeccalipson  #freedom_justice_equality_education for innovation and development to make #happy_life i Utopia #SemST,NONE
161,What a huge win for America! Today is absolutely historic. #EqualityWins #SCOTUSMarriage #SemST,NONE
164,Hillary Clinton vs. Bernie Sanders primary will be like the brawl over applesauce at the retirement home. #ReadyForHillary #SemST,FAVOR
131,Just ordered my Chillary Clinton Koozies. Gotta support the team. #SemST,AGAINST
69,"@HillaryClinton is at the top, and has spent her whole career growing government, keeping the deck stacked. #LibertyNotHillary #SemST",AGAINST
472,.@FoxNews @brithume ok.. So where are these emails coming from? Didnt @HillaryClinton already say the server was erased? #LIES #SemST,AGAINST
172,"Why is HRC so popular?  This deceptive socialist accomplished nothing. Is only wife of an impeached President, who enabled UBL.   #SemST",AGAINST
177,Who's monica Lewinsky's favorite football player? Ha-Ha Clinton Dix  #SemST,AGAINST
253,The biggest dumps of bad info is b4 a holiday weekend. What comes out of WH and state dept today? #HillaryEmails  #LiarLiar #SemST,AGAINST
77,"Everything abt @HillaryClinton is BOGUS. Her issues, her history, her #Iowa trip, her #Twitter followers, her campaigning #SemST",AGAINST
338,Great that @HillaryClinton attended #ClementaPinckney 's funeral today!! #SemST,FAVOR
124,#hillaryclinton is a champion of data_split removal. #SemST,AGAINST
385,Cruz-- Perry 2016 @tedcruz @GovernorPerry It's the only win-win choice #SemST,AGAINST
231,Well Strung is what should happed the next time these Hillary-loving ass douches encounter some trees. #RedEye #SemST,AGAINST
497,Breaking News: #Hillary trades campaign bus for a broomstick. #SemST,AGAINST
486,@HillaryClinton I'd ask #HillaryClinton to stop lying about #Benghazi & #ClintonFoundation ties to #terrorist #muslim #ISIS. #SemST,AGAINST
386,I'm going to apply for the Intern job #SemST,NONE
461,"@tjhansen @owillis serious, if trump runs you'll get a trump tattoo? Calling the Donald!! #SemST",NONE
214,Hillary is killing it so far on the trail. She's finally showing her personal side and I think it will benefit her profoundly. #SemST,FAVOR
185,"@VRWCTexan WOW, she's one to talk #SemST",AGAINST
449,"@politico  ""@HillaryClinton can't even manage @billclinton and she wants to be @POTUS"" #lol #WakeUpAmerica #StopHillary2016 #SemST",AGAINST
207,@PhilGlutting @megadreamin Thank you so much for RT and FAV!!! #WakeUpAmerica #Rubio2016 #Cruz2016 #SemST,AGAINST
400,Our Queen City is currently infested w/ out-of-state plate Priuses driven by millennials w/ Hillary bumper stickers. #MHT #SemST,AGAINST
20,Loved talking with Yvette today about education and women's voices in politics. Can't wait to see her on caucus day! #FellowsIA #SemST,AGAINST
103,@Callisto1947 @texasman2008 @AmyMek Hillary's new Campaign Slogan:  HILLARY - NOTHING TO HIDE EXCEPT THE TRUTH !!!  #TCOT #CCOT #SemST,AGAINST
140,@HillaryClinton loving the new colorful profile pic! #loveit #SemST,FAVOR
268,Since #SNL ain't that funny anymore please @JoeBiden run for president.. if even just for the hilarious debates between you & #SemST,AGAINST
491,Remember back when #CrackerBarrel gave in 2 #PoliticalCorrectness over #DuckDynasty ? #Wakeup #NASCAR  b4 it's to late  #tcot #SemST,NONE
31,"Didn't realize Bob Dole was mentioned in Tupac's ""How do u want it"" #YesterdaysLeaders #SemST",NONE
451,@Chris_1791 @newsbusters 2 years ago #Hillary never answered whether she used private email #Liberal media passed on reporting #SemST,AGAINST
129,@marymorientes Love it. It happens in my world too! #SemST,NONE
39,@AlyssSmithh There she is pant suite Hillary to hide those thighs #HillarysDonors #HillarysBigAnnouncement #Benghazi #Obama #SemST,AGAINST
478,RT @Glenn_Hegar: Follow if you stand against Hillary in 2016! #SemST,AGAINST
504,#HillarysAccomplishments Being a total clusterfuck at anything she does. #ReadyForHillary #UniteBlue #TopProg #TPOT #LibCrib #SemST,AGAINST
133,@AnitaFinlay @politico Hillary's doing the right thing -- staying focus on her campaign. #SemST,FAVOR
121,Chipotle employees shouldn't complain Hillary left nothing in the tip jar. They're lucky she didn't dip in and help herself #SemST,AGAINST
391,@CBSThisMorning Bernie Sanders had record crowds in Madison wis why no mention from you guys you talked about trump #Trump #SemST,NONE
132,"@hughhewitt like I tweeted you way back when, #ACA software can be fixed , but GOP strategic mistake of 'repeal' can't be fixed #SemST",AGAINST
212,Hillary's campaign events are scripted dog & pony shows designed to shelter her from vetting b4 the coronation #SemST,AGAINST
178,Republican candidates continuing to spread hatred and alienating the voters. Hillary wins!  #LoveWins #MikeHuckabee #Rubio2016 #SemST,FAVOR
40,@17leete17 hahaha. He is some kind of special..  this is why Hillary's going to win! Hahaha. #SemST,FAVOR
217,"YAAAS, Hillary! @TsarRhys wins best dressed here at the #Merrimack 4th of July parade! #HillaryforNH #SemST",AGAINST
60,"@redsteeze:  Broke, as in Dead broke"" Elitist Nauseating Get behind the rope  Hateful Arrogant Z Ideologue  Someone else add Z. #SemST",AGAINST
455,"@Temp15544 @icedecay @BrooklynJuggler @classic_mouth In this context, to all practical extents and purposes? It means #SemST",NONE
244,"@DrMartyFox @BossHoggUSMC @JohnFromCranber @seanhannity @SheriffClarke Fine, they can leave USA & never come back. #OiP #Cruz2016 #SemST",AGAINST
100,@JusticeWillett at least he has a platform #SemST,NONE
336,@MyOTRadventure Compassion the new frontier Hillary will go where she's never gone before She'll need a village & a committee #SemST,AGAINST
230,Too far @realDonaldTrump. That's just too fucking far. #BaltimoreUprising #Obama #SemST,NONE
155,If I run for office this will be my original logo:          M   #libertynothillary  #HillNo #tcot #UniteBlue #SemST,AGAINST
365,It's what's best for business and presidential seat for #HillaryClinton  #SemST,AGAINST
179,"@HillaryClinton I wish u were in Benghazi instead of those great people, chronic liar and power hungry animal #SemST",AGAINST
382,"@HillaryClinton lied about the cost of the gala, she was fined for it, but if it were @GOP they'd be in jail  Unfit for office  #SemST",AGAINST
198,"@vendettajane Thanks for the follow, may God bless you and your family !  #freeallfour #SemST",AGAINST
13,@readyforHRC @HillaryClinton  Support encourage #HillaryClinton president #UnitedStates world is success of women in  world #SemST,FAVOR
314,Those aren't pantsuits. They are camouflage outfits carefully tailored to minimize silhouette. Think stealthsuits.Very high tech. #SemST,AGAINST
404,@anthonyweiner super out of touch and stupid.   Please go away. #NYCPride #NYC #SemST,AGAINST
264,I'd still rather have Aaron Hernandez as President than Hillary.  #SemST,AGAINST
299,Go watch America: Imagine A World Without Her. It'll make you realize how lucky we are to live in the best country on Earth #SemST,NONE
73,@JebBush Here are my thoughts on the ruling: keep your archaic non-science based beliefs out of the laws of our secular nation #SemST,NONE
158,If you're not watching @HillaryClinton's speech right now you're missing her drop tons of wisdom. #SemST,FAVOR
258,@HillaryClinton @BarackObama The whole #world is supporting you. #SemST,FAVOR
95,@awadgolf @Crossbearer1956 @ScottSaxman1 This is why I'm not voting for Hillary #SemST,AGAINST
15,Laughing at the Republican Party. The BEST they can offer is #DonaldTrump and #JebBush?   #HillaryClinton has got this! #SemST,FAVOR
421,"Hillary Clinton keeps sending me emails, and when I try to unsubscribe, I get an error message. THIS IS CANCER #SemST",AGAINST
79,"3. Fixing America's political system by getting rid of ""unaccountable"" money, and 4. Protecting the country. #SemST",NONE
352,YES! Community policing is answer to rebuilding trust in our communities between law enforcement and the people they serve. #SemST,NONE
429,Too many women in too many countries speak the same language  of silence. HILLARY CLINTON #HillaryCliton #Hillary4Women #SemST,FAVOR
452,Hopefully Hillary Clinton gets cancer and dies before she gets the opportunity to embarrass our country any further. #july4th #SemST,AGAINST
163,RT @ZerlinaMaxwell: Huge cheer for universal child care and early childhood education. #SemST,NONE
112,@gerfingerpoken @jjauthor one can only hope #SemST,NONE
14,@Molls30 @HillaryClinton I love it! One of our biggest donors is Saudi Arabia. They support women's rights completely! #GoTeam #SemST,AGAINST
88,@readyforHRC   Support encourage #HillaryClinton president #UnitedStates world is success of women in  world #SemST,FAVOR
281,I got it! I got it!   A Hillary accomplishment!   She's managed to stay out of prison despite a 30-year crime spree. #tcot #ocra #SemST,AGAINST
6,Great comments by @MittRomney about pathological liar #HillaryClinton . #SemST,AGAINST
114,"#Putin, #NothingMoreAmericanThan voting based for a politician to lead the country when she can't even handle email. #think #SemST",AGAINST
333,"@SoCaliMilitia1 @CzarofFreedom  That God for global warming melting icebergs, never gets prosecuted for her crimes #Liberals #SemST",AGAINST
146,@dhz26 I love a good sale. Money well spent. 2 birds with 1stone. #LoveWins #SemST,NONE
141,"take faith that almost every political entity around you, whether dissident or not, serves no good purpose #Dempublicans #SemST",AGAINST
48,"Headed to Chester, SC for a big hillary canvass! Join me. Wylie park 11-3 #SemST",FAVOR
442,@politico Remember when millions of GWBush's emails went missing or deleted re Iraq War and nobody had a hearing? Yawn! #SemST,NONE
134,@megynkelly Hahahaha combed through emails!!! Bunch of scumbags!!! #NoHillary2016 #SemST,AGAINST
110,"I am a big HILLARY Clinton supporter. My plan is working, poor Donnie doesn't even know. #Trump2016 #SemST",AGAINST
71,HER NAME IS RIO AND SHE DANCES IN THE SANAAAAAND!!! WHOOOO!! #tcOT #SemST,AGAINST
50,@Logan_RTW I agree with her previous stance; and I'm sure she still believes in what was said before. #SemST,AGAINST
180,I can vote in 2016 after all ayyyyyyyyyy #SemST,NONE
460,@realDonaldTrump @WhoopiGoldberg @Univision #VoteForHillary @HillaryClinton isn't racist. A leader who demands #EqualityForAll #SemST,FAVOR
57,Can't wait to get my #YaaasHillary shirt!  @HillaryClinton #SemST,FAVOR
364,@HillaryClinton said #AllLivesMatter just like she said marriage was between a man and a woman! Giver her a few more years #SemST,AGAINST
371,@realDonaldTrump @MalachiNorris lol!!!!  That is one of the funniest things I've heard in a while!!!!  #SemST,NONE
115,Can anyone name the jobs #HillaryClinton has been responsible for creating.. Even her security is an entitlement... #SemST,AGAINST
440,#Christie2016 you can't claim #Bridgegate wasn't your fault when you were the man behind the wheel. #GOP  #TeaParty #TCOT #DEM #SemST,AGAINST
305,@HillaryClinton Yes I can and will. #SemST,FAVOR
113,"96 commit cards collected for Hillary in Greenville, SC so far! #FellowsSC #SemST",FAVOR
322,Hilliary: I provided all work related emails  State Dept: There are work related emails you didn't provide  #Hillaredacted #SemST,AGAINST
58,Casually hangin' with @HillaryClinton on a conference call while taking a break at #ACUHOI. #SemST,FAVOR
89,LOOKING FORWARD TO #CUBA EXPANDING MAJOR EXPORTS OF PICK UP TRUCKS CONVERTED INTO RAFTS!! SO EXCITING! #tcot #SemST,AGAINST
316,"@clantro @jjauthor @CarmineZozzora  Why not, they lie about everything else, even when confronted with the truth.  #freeallfour #SemST",AGAINST
7,"@kin2souls @sunbeltgirl @ChristiChat ""@HillaryClinton can't even manage @billclinton and she wants to be @POTUS"" #lol #SemST",AGAINST
82,@thehill all the more reason to vote #Democrat in 2016. #ACAworks #GetMoneyOut #RestoreTheVRA #Bernie2016 #waronpoverty #SemST,FAVOR
56,@HuffPostPol If @HillaryClinton can do half of what he did then she would be doing is a favor #SemST,FAVOR
182,"She's NOT a WOMAN, she's a POLITICIAN. #WhyImNotVotingForHillary #StopHillaryClinton2016 #Benghazi #savetheUSA #SemST",AGAINST
254,@frodofied SO? THt will NEVER erase their support of DOMA & silence on #LGBT #LGBTQ rights until it is politically aventageous. #SemST,AGAINST
194,How can we expect u to make good financial decisions for the US if u can't manage ur own multimillion $ salary so ur not broke #SemST,AGAINST
415,@jimlibertarian @peddoc63 @Callisto1947 @MaydnUSA @c5hardtop1999 @surfermom77 @SMolloyDVM That's right! #SemST,AGAINST
290,@philadper2014 @LouiseKatina Hillary's New Campaign slogan is:  HILLARY - NOTHING TO HIDE BUT THE TRUTH!  #tcot #WakeUpAmerica #SemST,AGAINST
327,"So we're to believe that ""Santa"" is a hairstylist?   Um... okay. You often need code for that. #Lies #SemST",NONE
313,"Do we breathe & live or ignore & collectively succumb to toxins of political, ecological, unwanton oligards? #p2 #bernie2016 #SemST",AGAINST
501,"Gay marriage is a minor setback for Fox News. Tune in for a full collapse on November 8, 2016. Lots of tears and broken hearts. #SemST",NONE
137,@LindaSuhler and the sheeple will still vote for her #SemST,AGAINST
175,"RT @NicolaSturgeon: ""It's official: Hillary's running for president,"" says her campaign chief. Excellent! #SemST",FAVOR
96,".@davelevinthal Operating a shredder, now @hillaryclinton is WAY more adept at using THAT! #WakeUpAmerica #TCOT #OhHillNO! #SemST",AGAINST
331,@robin45208 @C4Constitution Thank you so much for RTs!!! #WakeUpAmerica  #SemST,AGAINST
370,@HillaryClinton R U desperate or what? 3rd Hillary tweet on my timeline 2day. NOT gonna vote 4 U! #SemST,AGAINST
181,Didn't think about that. Don't think I'd ever vote for someone with dual citizenship. Can't believe it's legal. #Bernie #SemST,NONE
147,"@TarekFatah @anniekarni And Abedin's penumbra, the Muslim Brotherhood. Her connection is incontrovertible #HumaAbedin #SemST",AGAINST
55,"SCOTUS dealt a blow to Hillary Clintons last campaign 'promise'... What is she running on now? Corruption, lies, and deceit. #SemST",AGAINST
108,"Only in a SEXIST AS FUK world would we question the ""qualifications"" of a former SECRETARY OF STATE. #SemST",FAVOR
183,Hillary can't use a fucking fax machine but you idiots are going to vote for her to be President?  #SemST,AGAINST
127,I'm thinking #Hillary throws #Chelsea under the bus to end #Foundation firestorm.  #ClintonCash #TheGreaterGood #election2016 #SemST,AGAINST
105,RT @FutureTXLeader: Are y'all #TexasTech #RedRaiders ready for #MarcoRubio in #2016 #TTU #TexasTechUniversity #Rubio #Texas #N... #SemST,AGAINST
202,@LibtardLimbaugh @Mex38Tex @NRO Thanks so much for this article! #SemST,NONE
190,@moser_kristen  I love how you pay more attention to the democratic candidate than you own republican candidates #KnowTheEnemy #SemST,NONE
294,How much was Monica getting paid when Bill's burrito squirted sauce all over her pretty blue dress? @MauraReynolds @politico #SemST,AGAINST
284,"#SOCIALMEDIA is NOT for #sociopaths & #psychopaths. If you insult people u don't know, you are the above. Resign. #feelthebern #SemST",NONE
369,"Let's make Secretary Clinton, President Clinton - @AGMarkHerring @vademocrats #SemST",FAVOR
237,If you need me I'll be screaming like a little baby from now until about ten minutes after @HillaryClinton arrives in #PTown. #SemST,AGAINST
211,My liberty depends on you being free too. President Obama #SemST,NONE
267,@CorrectRecord is quite obsessed with emails and transparency. Why did Hillary Clinton destroy her emails? #clintonemail #SemST,AGAINST
476,Another #Hillary supporter committed to caucus tonight! One more step on the way to winning the Iowa caucus. #SemST,FAVOR
508,@LifeNewsHQ tolerance at its best! Do as I say not as I do #SemST,NONE
270,@realDonaldTrump not good when only @AnnCoulter defends you. Your big mouth & giant ego are your downfall #stupidisasstupiddoes #SemST,AGAINST
192,I want to go back in time to when men and women couldn't appear in the same yearbook as each other #old school #SemST,NONE
41,@ReCorwin She didn't even answer with a complete sentence LOL. #Legend #SemST,NONE
35,@RobBently @JonahNRO @BernieSanders Hillary campaign  will shortly announce that Sanders was born in Canada. Yeah that's it. #SemST,AGAINST
59,@lbush34 @HillaryClinton just defending my girl Hillary! #SemST,FAVOR
221,#HillaryClinton is hiring #Monsanto lawyers to help her become President. The next president shouldn't be aided by Monsanto #SemST,AGAINST
215,"Always aim high,work hard, & care deeply about what U believe in...when U stumble, keep faith. HILLARY CLINTON @Faith4Hillary #SemST",FAVOR
233,"Apparently, @BernieSanders fans don't like to see Hillary's name even implied.  #SheWhoShallNotBeNamedBecauseShesWinning #SemST",FAVOR
448,@ConservatveGurl those of us that also have a brain will be voting against Hillary... #SemST,AGAINST
149,"Wow RT ""@greta Baltimore Orioles to play tomorrow but no public allowed"" #BaltimoreRiots #FreddieGray #ThanksObama #WakeUpAmerica #SemST",NONE
500,How anyone can believe a single word that comes out of that woman's mouth is beyond me... #SemST,AGAINST
298,@PoliticalShort She would have to have a conscious to be haunted. @jlconnell66 #killary #Marxism  #SemST,AGAINST
94,I'm really excited for 2016 after finding out the amount @HillaryClinton raised. We got this. #SemST,AGAINST
54,Was asked by @HillaryClinton to help with her campaign. Gladly (excitedly) accepted! #SemST,FAVOR
33,@JebBush you are set to lose if ur campaign is based on critics instead of proposing #bushfail #SemST,NONE
245,"Why does the "" shit barometer "" always rise when Republicans speak? #USA #July4 #SemST",AGAINST
275,"Dick Morris: @HillaryClinton is ""fundamentally corrupt"". He should know! #copolitics  #wcs15 #SemST",AGAINST
274,"@WoodenThreat @ProudInfidel33 ""@HillaryClinton can't even manage @billclinton and she wants to be @POTUS"" #lol #SemST",AGAINST
293,EVERYDAY AMERICANS AND THEIR FAMILIES NEED A CHAMPION AND HILLARY WILL BE THAT CHAMPION.   #SemST,FAVOR
418,It is offensive when the mexican flag flies on US soil. California state capital. #Lovewins #univision #foxnews #DonaldTrump #SemST,AGAINST
111,@HillaryClinton Says the millionaire politician who accepts $$$ from countries that execute gays. #Hypocrite #WakeUpAmerica #SemST,AGAINST
87,"@mizerello @meetthepress at least he didn't lose an embassy, cover up a murder, or burn govt emails. #SemST",AGAINST
363,Getting another @HillaryClinton bumper sticker because #LoveWins and 2 just wasn't enough #SemST,FAVOR
166,"#DemocRAT2014Slogans: ""Why work? When you can VOTE DemocRAT - twice!"" #tcot #SemST",AGAINST
310,My sexy daddy Obama had two wins this week. Happy for him & democrats   #SemST,NONE
292,Hillary is on her way to #Baltimore to be their champion. #BaltimoreRiots #SemST,FAVOR
350,Hillary had just enough time to doctor her email inbox to her advantage before releasing them.... hahaha #justkidding #SemST,AGAINST
165,@Xxoax @HillaryClinton @MaryMorientes   @BarackObama The whole #world is supporting you. #SemST,FAVOR
475,@tedcruz won't be there. I'm supporting @HillaryClinton for President. #lgbtrights #ACAWorks #SemST,FAVOR
323,"@koolkat14215 Haha, I LOVE your header! #SemST",NONE
223,"@HillaryforIA come on, Iowa! For better USA and the ROW #SemST",FAVOR
425,"@HillaryClinton Your treatment of the press, Amb Stevens' fam, and the intel of the American ppl is enough to send you to jail #SemST",AGAINST
394,"Saudi Arabia imprisons & flogs rape victims. ""Women's champion"" @HillaryClinton has accepted MILLIONS $$$ from Saudi govt #tcot #SemST",AGAINST
136,@therealjenappel IM HIGH ON HASHTAGS RIGHT NOW I CANT HELP MYSELF #mypresident #SemST,NONE
318,You don't have to be a lawyer to know the Clintons violated ethics rules. #SemST,AGAINST
74,And the working american tax payer keeps on paying for the unethical liberals who want to destroy this great country of ours. #SemST,AGAINST
250,"Hilary has lied, deleted Benghazi emails, and betrayed the trust of Americans scandal after scandal. #SemST",AGAINST
107,Whatever is the GOP going to do now with both marriage equality and the ACA? Going to be fun to watch! #SemST,NONE
496,@HillaryClinton I notice that you didn't condemn the lawless actions of the rioters. #SemST,AGAINST
324,Why is Hillary lying AGAIN about something news worthy? What's news worthy is if she doesn't lie about something #SemST,AGAINST
359,Just think how many emails Hillary Clinton can delete with today's #leapsecond #SemST,AGAINST
197,Marriage equality a constitutional right! Woot #HRC2016 #hillaryclinton #readyforhillary #vote #hillaryfor2016 ##mpotus #SemST,FAVOR
72,"A body-cam on every cop, private servers for Cabinet Secretaries. #SemST",NONE
199,@Ered604 welcome 2 Twitter~PROUD to be #UNITEBLUE~  #WarOnWomen  #worldpeace  #tngov #TN #socialjustice #AllLivesMatter #unity #SemST,NONE
295,Spoke to @HillaryClinton today in NYC. Wow! So smart and impressive!!! #SemST,FAVOR
387,"@SCOTUS_Scalia Right. Words no longer have meaning. Like Clintons,""It depends on what the meaning of 'is' is."" More if we don't #SemST",AGAINST
104,"Gov. Chafee, why are you trying to make fetch happen. It's not going to happen. #SemST",NONE
342,Great to see my mentor @RepSusanDavis at #DCinSD. And she's right we have the most qualified candidate ever running for POTUS. #SemST,FAVOR
241,Very simple: the Clinton's are corrupt. #SemST,AGAINST
255,Bill Clinton just wants to be the first dude to be President and bang one. #SemST,NONE
262,Clinton entitlement is the proverbial American hemorrhoid #tcot #Opinionated #SemST,AGAINST
75,@RandPaul @HillaryClinton you could never dream to be as intelligent as she is #SemST,FAVOR
118,@HillaryClinton Hahahaha how much are you going to charge them!!!! #NoHillary2016 #SemST,AGAINST
506,"@ReformedBroker ""to da honies gittin money playing #bleep words like dummies"" #POPPA #SemST",NONE
167,"I am having a really tough time seeing any leaders running for POTUS, quess I will have to wait and see what happens. #SemST",NONE
225,"Pundits say Jim Webb facing uphill battle with Hillary.  Really, it's with Bernie for the anti-Hillary vote.  #JimWebb #SemST",AGAINST
9,@roughcountry451 @vendettajane Fortunately Bryan he does not have a saying on that  #freeallfour #SemST,AGAINST
187,"@asphaultangel13 Afterall, they're just a poor black family trying to pay the bills!  @crousselle #WhyImNotVotingForHillary #TCOT #SemST",AGAINST
80,"#TheDonald can't keep a beauty pageant afloat and wants to be the President?  Aw, hell no. #SemST",AGAINST
309,@HillaryClinton Where are the #LGBT pride condoms #BillClinton used when he assaulted #MonicaLewinsky? #HillaryClinton #tlot #SemST,AGAINST
210,@POTUS I want you to President for a 3rd term!!! Please make it happen LOL! I'm fine with #SemST,AGAINST
160,@GOP Of course @HillaryClinton is silent. That insures she doesn't have 2 stand 4 ANYTHING & less chance of offending voters #SemST,AGAINST
423,#Hillary's still very weak among grassroots - as shown by how strong #BernieSanders got how fast on how little. @AaronBlakeWP #SemST,AGAINST
443,@jstines3 @bcwilliams92 #Stephens begged for his life & @HillaryClinton @Madam_President is begging for ur vote #NotAChanceInHell #SemST,AGAINST
106,Fashion News: Hillary has a new clothing line coming out called Flip Flops R US   #tcot #Benghazi #SemST,AGAINST
243,Much like you good people I forgot about my #livetweetingbladerunner a couple weeks ago #callback #potroast #cartography #blue #SemST,NONE
390,A proper introduction of Hillary Clinton should begin with five words: Will the defendant please rise #WhyImNotVotingForHillary #SemST,AGAINST
43,@Jeff_Nichols_82 @HillaryforIA #freedom_justice_equality_education for innovation and development to make #happy_life in Utopia #SemST,FAVOR
367,Before leaving my dad's I took the liberty in framing and put up the pictures he has meeting Hillary and Bill Clinton in '92 #SemST,FAVOR
427,"@senna1 @KirillWasHere how many men are getting their dicks sucked daily in congress, etc and no one gives a shit... #SemST",NONE
218,Saw a bit of @HillaryClinton 's speech & I was proud to hear her plans for policy improvements in our justice system. Thanks! #SemST,FAVOR
426,You know emailgate must be going nowhere when Fox News are hashing out the Bosnia 'sniper fire' story again. #SemST,AGAINST
437,If I get killed. Thank @realDonaldTrump . I was tweeting mad crap about him.  I don't take it back. #SemST,NONE
384,"@Chris_1791 @TruthRevolt That doesn't leave much to talk about, then, does it? #SemST",NONE
171,I love the smell of Hillary in the morning. It smells like Republican Victory. #TedCruz2016 #MarcoRubio #SemST,AGAINST
355,"hey ""transparent"" @HillaryClinton so...who is ""Santa""? #LibHack #Pay2Play #Corruptocrat #tcot #Benghazi #VinceFoster #Monica #SemST",AGAINST
224,@Ba68scgal The guy w/ the #Benghazi sign has guts Loveit #NoHillary2016 #SemST,AGAINST
447,Hillary's campaign raised $45 million  91% of all donations were $100 or less  This is a record. Beating Obama's record in '11 #SemST,AGAINST
354,I always joke about anything political bc if I were serious I'd end up offending people and not realize it. #SemST,NONE
353,"#HillaryDebateQuestion So you profess admiration for #MargaretSanger who wanted to rid the country of ""negros"". Explain please? #SemST",AGAINST
176,#KCA #VoteJKT48ID RfWheels3015: davidjones720 rratkinson Right I mean what the heck is an #ArabDonorGroup ?? #HillaryEmails #D... #SemST,AGAINST
213,I really need my new @HillaryClinton shirt to come in. Meeting some people at the brewery same night as a Bernie meetup there. #SemST,FAVOR
119,/#Leftest #Hippocratic #Domecrats won't vote for #FineLady #MichellBachmann but will vote for #EmailScandal #Benghazi #Killary #SemST,AGAINST
288,If a man demanded staff to get him an ice tea he'd be called a sexists elitist pig.. Oink oink #Hillary #SemST,AGAINST
135,@randyprine @fabiaceae They know they're going to lose to HRC so they keep trying! #SemST,FAVOR
186,SLOWLY SLOWLY THE DEBT CRISIS WILL IMPLODE NATIONS CURRENCY #AmericaDeadBrokeSAVE THE DOLLAR NOW #SemST,NONE
392,"Hillary must have been at the Navy Yard, under sniper fire!  #SemST",AGAINST
4,Today LOVE won and Hate was defeated. #MorningJoe #UnitedBlue #SemST,NONE
439,"The owner of Univisin, donated as much as $25 million to the Clinton Foundation, his wife sits on its board #Univision #Trump #SemST",AGAINST
356,@thehill #MamaHillary is making the case here & just exclusively how to deal with complex social issues. #cnn #bbc #Mamaclinton #SemST,FAVOR
479,Thank you for your kind RTs and FAVs @pamnsc !!! #WakeUpAmerica #todosmarchamos #Cuba #SemST,AGAINST
273,"I called everyone I knew and raised $17,000 from ex-boyfriends - Sen. Klobuchar #SemST",NONE
8,"#HillaryClinton might want to book smaller venues for her rallies, if not many empty seats will be seen on TV, that's bad lol #SemST",AGAINST
279,My dad told me he's voting for Hillary. I'm so proud. LOL #SemST,FAVOR
222,#INeedMeninist because @HillaryClinton is running for president...do I need to say more? #SemST,AGAINST
280,This weekend is the Hillary For America Weekend of Action & I hope you'll participate. -L #California #SemST,FAVOR
325,@ChelseaClinton's mom has got it going on! #POTUS #ChelseasMom #SemST,FAVOR
388,@TheDemocrats @DNCWomen I'm down to help for 2016 election. #SemST,FAVOR
91,I'm a woman. Can I be President? @StopHillaryPAC #SemST,AGAINST
5,@TODAYshow Hillary's emails missing and incomplete? Who'd of thunk it??  JUST TRUST ME!!! #SemST,AGAINST
433,As late as 2013 #HillaryClinton opposed marriage equality. #SemST,AGAINST
509,#LoveWins on the day I get my Hillary gear! #Yaaas #Pride #SemST,FAVOR
469,Hillary: stop pretending you were supporting the LGBT people when you opposed them until 2013. You are a lying conniving human #SemST,AGAINST
368,#Univision ignores Latino candidate Marco Rubio because he doesn't fit their narrative.They're invested with Hillary #rubio2016 #SemST,AGAINST
408,How can she live with herself? #Benghazi #SemST,AGAINST
468,"Last week = Life (Obamacare, gay marriage)  Today = Death (air pollution, lethal injection)  Elections matter, y'all. #SCOTUS #SemST",NONE
236,@BDabs888 let's go shoot your now today. #SemST,NONE
366,I bet Leslie Knope would be so happy about #SemST,FAVOR
235,I think I am going to vote for Monica Lewinsky's Ex- boyfriends Wife #SemST,FAVOR
481,@ProBirdRights: I do a stump speech. It on the stump in the park. attendance mandatory. #SemST,NONE
334,@gerfingerpoken2 #hillary is most likely a felon many times over but has been protected by the political class. #SemST,AGAINST
296,@HillaryClinton Did you feel same about #BillClinton's latest assault of teen girl? #hypocrite #HillaryClinton #Hillary_2016_NO #SemST,AGAINST
143,"@Network_Citizen @ProudInfidel33 @YoungBLKRepub ""@HillaryClinton can't even manage @billclinton and she wants to be @POTUS"" #lol #SemST",AGAINST
360,"@TIMENOUT  ""@HillaryClinton can't even manage @billclinton and she wants to be @POTUS"" #lol #WakeUpAmerica #StopHillary2016 #SemST",AGAINST
22,If I ever meet Hillary Clinton I will have died and then come back to life b/c I will be so happy #idol #SemST,FAVOR
463,"@FoxNews  ""@HillaryClinton can't even manage @billclinton and she wants to be @POTUS"" #lol #WakeUpAmerica #StopHillary2016 #SemST",AGAINST
347,"Bill Clinton Decided against taking out Bin Laden.   And we Got September 11, 2001.  #SemST",AGAINST
156,"Technically, a president with raging hormones could refer to estrogen, testosterone or anabolic steroids #IBlamePublicSchools #SemST",AGAINST
84,@realDonaldTrump WHY IS IT THAT YOUR CLOTHING LINE IS MADE IN CHINA? Can U say Lier pants on fire? #morningjoe #unitedblue #SemST,NONE
139,@BuffaloBill71 @AramisFraino @pamnsc  Thank you so much for FAVs and RTs!!! #WakeUpAmerica #SemST,NONE
398,"Just met an awesome supporter on the CX bus! He said ""Hillary is one strong woman and we need that for our country."" #FellowsNV #SemST",FAVOR
431,"@RNRNewYork in her #Emails @HillaryClinton said there were ""a couple of Facebooks"" on her :) #TotalIncompetence #RedNationRising #SemST",AGAINST
375,"Now that #Hillary is raising money like an incumbent president, can we stop pretending that she won't be the nominee? #SemST",AGAINST
150,Join the Twitter movement! RT or fav for a mention or follow back! #SemST,NONE
409,"So when all you brave patriots stop Hillary, who you going to replace her with, Jeb Bush? LOL. #losers #SemST",FAVOR
90,"All Americans have value to our society, it's called a vote. #LiberalLogic    #InternationalJokeDay #SemST",AGAINST
337,"You cant fix stupid, might not be able to vote them out either. #SemST",NONE
381,@LaneLewis Thanks for the follow! #TheHRCSuperVols for #SemST,NONE
444,@Norsu2 secret Clinton docs? gee WHAT a surprise! #SemST,AGAINST
120,@Slate This is why Rand Paul will never be POTUS. #BaltimoreUprising #SemST,NONE
458,#AskBobby would you blame an obscure film maker for the death of #USAmbassador in #Benghazi like #SemST,AGAINST
189,"I guarantee Hillary could care less about black rights.  If Obama did, blacks wouldn't be in the same predicament still.  #SemST",AGAINST
101,"Also the $400,000 ""speaking fees"" #Hillary took from Goldman Sachs for two ""speeches."" @Joan_Vennochi #SemST",AGAINST
52,@JewboyDonny oh I know he won't he effed himself over in the beginning  #SemST,NONE
159,Fantastic Emmet County Dem meeting tonight in Estherville. Glad to meet some @HillaryClinton supporters! #SemST,FAVOR
432,@voxdotcom   #wgn #WGNTV - now mentions ROMNEY? #Hillary CARE = ROMNEY CARE = #Obamacare -- now PUBLIC OPTION for ALL #SemST,NONE
402,@HillaryClinton literally the greatest video I have ever seen. #SemST,FAVOR
480,@AutumnNAlston @JonathanDKF @_sarah_babb_ @McCollumMike @HillaryClinton @HillaryforSC Inaugural tweet from our new account! Go #SemST,AGAINST
376,@larryelder The more Republicans  talk about social policy the better....for #SemST,NONE
416,"Never vote for @RickSantorum ""for the survival of our country"" #LoveWins #SemST",NONE
453,@Shy_Buffy welcome little sister! Love you! #SemST,NONE
307,RT @FutureTXLeader: Who in #CorpusChristi is ready for #MarcoRubio in #2016 #Hooks #CC #Texas #TX #361 #KeepTexasRed #GOP #Tea... #SemST,AGAINST
66,"It's Monday night,do you know where your Hillary supporters are? In Rock Hill at our Amazing Phone bank! Come join!HillaryforSC #SemST",FAVOR
330,So excited to hear @HillaryClinton speak here at @dartmouth in #Hanover #HillaryinNH @HillaryforNH #SemST,FAVOR
485,Forgive #CherylRios of her stupid comments about women being president. She will blame it on that time of the month anyways. #SemST,NONE
303,Let's bring prosperity to the line workers & to the kindergarten teachers!!!- @amyklobuchar #inspiredbyhillary #SemST,FAVOR
37,"Norman Hsu illegally donated $850,000 to @HillaryClinton, there is evidence he worked for China.  White House for sale.  #SemST",AGAINST
168,@BarackObama #Love_peace and peaceful coexistence of all no to violence and #terrorism #SemST,NONE
68,"Folks, this is what happens when Liberals are in control! All hell breaks loose! Had enough yet? #SemST",AGAINST
249,@realDonaldTrump is the only honest voice of the @GOP and that should scare the shit out of everyone! #SemST,AGAINST
1,@DemocratGuide @Reuters bur #Hlllary just raised 45 million! #SemST,AGAINST
454,@WhiteHouse @BarackObama @HillaryforIA @BarackObama The whole #world is supporting you. #SemST,FAVOR
99,Low key it would be interesting to have a female president. #SemST,FAVOR
285,@pikester45 Exactly what I don't want to see happen in America. #SemST,AGAINST
446,@HillaryClinton Yes! I am chipping in 5$ because we have faith in you. #SemST,FAVOR
378,@HillaryClinton #freedom_justice_equality_education for innovation and development to make #happy_life i Utopia #SemST,FAVOR
430,I just want my dog to stop eating the trash #SemST,NONE
130,@akawhit1 ITS TIME TO ROPE OFF KILLARY @FoxNews DELETE HER OFF YOUR BALLOT SHE IS A CLONE OF SODOM  INSANE OBAMMAD #WakeUpAmerica #SemST,AGAINST
162,"Bad punning gets worse, not better, over time. Remember that, America #SemST",NONE
209,Does Hillary really need to run this country? Could we just make her president of the Bingo club at Shady Pines?  #tcot #p2 #SemST,AGAINST
306,RT .@ChuckNellis  .@HillaryClinton name change; it's no longer HRC it's now Hillary Uranium #Benghazi Clinton. Take note. #SemST,AGAINST
2,@Anomaly100 I'm confident that will piss off a few white Anglo-Saxon Protestants!  Keep talking Jeb. #SemST,NONE
395,My vote is definitely for Hillary. I don't want Bush's dumb ass. Don't want Trump either.  #HillaryClinton #SemST,FAVOR
493,@HillaryClinton will be the nominee for the Democratic Party. Period. And she's gonna win the Presidency too. #SorryBernie #SemST,AGAINST
227,@redsteeze @maggieNYT By that time the guy with #Benghazi sign will be arrested. #SemST,AGAINST
424,"So @ClintonFdn, I believe Andrew Fastow beat you to the ""we made mistakes, as many organizations of our size do"" excuse #SemST",AGAINST
271,"@megynkelly anytime a liberal throws around words like ""truth is"" or ""reality is"" you know they're about to LIE! #SemST",NONE
372,"#CarlyFiorina on #hannity, very impressive. A serious presidential candidate vs. A bad actress. #SemST",AGAINST
170,'Hillary-speak' campaign rhetoric is going to be the death of me. @jmarkwalk #SemST,AGAINST
65,The most revealing part about Hillary's released emails is that they're pretty much as boring as mine. #nofriends #SemST,AGAINST
329,@BarackObama thanks for selling out all the workers who voted for you for pushing FastTrack #sellout #SemST,NONE
208,"@LeighStorz @jstines3 Totally agree, Hillary is an incompetent scandal ridden phony. #SemST",AGAINST
67,"#Obama is riding high!! #ObamaCare #LoveWins #Republicans tearing out their hair, whatever is left of it ..Next is #SCOTUS #SemST",NONE
26,@greta What #Bernie2016 has done is work for DECADES on behalf of the American people not the corporatocracy who own corrupted #SemST,AGAINST
46,@debaterlife took me a minute to realize where this came from #SemST,NONE
12,.@CaptYonah @thehill Fine; unethical or illegal quid pro quo uranium deal works for me. #SemST,NONE
76,"@CidEloisa @DiggingLamb Thank you so much for RTs and FAVs, Eloisa and Thomas!!! #WakeUpAmerica #SemST",NONE
417,Hillary flew on private jet to speak to speak about Income & Equality. Dinner plates were $2700.00 ! #EqualityForAll #PJNET #CCOT #SemST,AGAINST
286,"#Putin, #NothingMoreAmericanThan voting for a politician to lead the country when she can't even handle email. #think #SemST",AGAINST
102,It's more than mistakes...with #HillaryClinton lying and cover-ups are a way of life. @NormanSie @n2toom  #tcot #uniteblue #SemST,AGAINST
142,"Take it easy Ed, #BernieSanders is a side show. Democrats are having some fun before getting back to reality in Nov 2016.  #SemST",AGAINST
138,@HillaryClinton you have my support. (Now lets see how many people unfollow me.) #2016election #SemST,AGAINST
11,"@fuzislippers @KLSouth @gdebenedetti Yeah, she's a real forward thinker! Lol  #MakeAmericaGreatAgain #WhyImNotVotingForHillary #SemST",AGAINST
157,@PhxKen Shocked she didn't burst into flames! #WakeUpAmerica #makeAmericaGreatAgain #SemST,AGAINST
510,@GovChristie can't even run NJ and wants to be president? I'd vote for him before @HillaryClinton #SemST,AGAINST
502,I'm proud to announce I support #HillaryClinton!!!! #SemST,FAVOR
70,"I've been doing my reading and I do have to to say, I'm wildly impressed by Hillary Clinton #SemST",FAVOR
204,I think I'll take @JebBush over @BobbyJindal now.. and that is scary to say.  #badchristianvalues #SemST,NONE
492,@HillaryClinton > since trickle down economics has failed when was the last time a poor person created jobs? #SemST,AGAINST
291,@Debber66 @andersonDrLJA She will be a  #CenterHitler. #SemST,AGAINST
315,@WashTimes @BretBaier Why is there no outrage about all the smoke & mirrors w/ this candidate? Are you hiding Hill! #SpillHill #SemST,AGAINST
252,@CoachDLG515 @Retired36 I'm glad that you will now slice all round.  #SemST,AGAINST
265,"In case of Emergency, Push THIS BUTTON to scrub server..... #SemST",NONE
339,"Yes, do tell US, name one of her accomplishments #SemST",AGAINST
36,if Hillary wins the election there's a chance we might move to Australia. #HILLARY4PRES #SemST,AGAINST
81,"Hillary claims to be a ""champion"" of the middle class, but @RandPaul tax plan cuts the FICA tax, benefiting the middle class. #SemST",AGAINST
505,".@HillaryClinton The spatula seems appropriate, given that it can be used to easily flip positions if the heat gets to high. #SemST",AGAINST
201,"@realDonaldTrump ""@HillaryClinton can't even manage @billclinton and she wants to be @POTUS"" #lol #WakeUpAmerica #StopHillary2016 #SemST",AGAINST
328,@Babbsgirl2 @DrMartyFox She is as bad or worse possibly than #Obama and she will continue to break laws as if she is invincible. #SemST,AGAINST
266,The kind of Gov that Liberals promise you can only be achieved and sustained with a Conservative Government.   #HeatWave #tcot #SemST,AGAINST
332,We can't expect change if we continue to vote for the same people. You have to take a chance 4yrs is not that long #Bernie2016 #SemST,AGAINST
434,Federal gov't social spending 61% of budget. Federal gov't defense spending 22% of budget. Something is definitely wrong here. #SemST,NONE
78,@Raging_D_RTR @CrimsonHotMess I'm for CHANGE and EQUALITY #SemST,NONE
411,Students of #BaylorUniversity are y'all ready for #MarcoRubio in #2016 #BU #Baylor #Bears #BaylorBears #NewAmericanCentury #GOP #SemST,AGAINST
151,@nytimes this will cost them the 2016 election. #SemST,NONE
257,Wondering what the NEXT idiotic GOP smear against @HillaryClinton will be. It's coming for sure. Just don't know details yet. #SemST,FAVOR
23,"It's time that we move from good words 2 good works, from sound bites 2 sound solutions HILLARY CLINTON #HillaryClinton #SemST",FAVOR
379,@theblaze  Heaven forbid anyone invade the space of the Queen of Lies. -_- #SemST,AGAINST
335,Will the media ever get real with Hillary? #2016 #Benghazi #Clinton #SemST,AGAINST
383,"@HillaryClinton had more twitter followers then all four major Republican candidates (Bush, Rubio, Paul, Cruz) COMBINED. #SemST",FAVOR
61,"Sen. Kaine (D-VA) on #SCOTUSMarriage: ""What a great victory! #SemST",NONE
247,Insurgent. What will happen if Hillary becomes dictator in chief. #SemST,AGAINST
464,.@Theblacksphere #Hillary took a #HypocriticalOath with a vow to do harm to all that cross her. Are you #ReadyForHillary  #GOP2016 #SemST,AGAINST
17,@HillaryClinton @ca_hillary stand on the right side #SemST,FAVOR
413,"@weknowwhatsbest ""@HillaryClinton can't even manage @billclinton and she wants to be @POTUS"" #lol #WakeUpAmerica #StopHillary2016 #SemST",AGAINST
93,Support #independent #BernieSanders because he's not a liar. #POTUS #libcrib #democrats #tlot #republicans #WakeUpAmerica #SemST,AGAINST
145,My how times have changed: @MartinOMalley has focused his attacks on @BernieSanders not @HillaryClinton #SemST,NONE
477,"@politico @anniekarni ""@HillaryClinton can't even manage @billclinton & she wants to be @POTUS"" #WakeUpAmerica #StopHillary2016 #SemST",AGAINST
438,Thank you @HillaryClinton for your support of the LGBT community. On this historic day I thank you for giving us hope. #SemST,FAVOR
169,@foxnewspolitics NOT EVEN A LITTLE BIT!!! #Nobama #WeMissYouGipper #SemST,NONE
456,This is not her first time at the rodeo!  @HillaryClinton doesn't care who likes her or not This woman is on a mission #Tough #SemST,FAVOR
467,"@HillaryClinton More lies and hypocrisy. As senator of NY, you clearly said you were opposed to gay marriage. #SemST",AGAINST
109,So thankful for all of the volunteers who joined us at Bliss Studio in Fairfield tonight! #Rockstars #SemST,NONE
346,BIG BOOTY BITCHES BIG BIG BOOTY BITCHES #SemST,AGAINST
320,@chicagotribune #ayyylmao do #Democrats & other #liberals realize no one wants #HillaryClinton which is #Obamanation 2.0? #SemST,AGAINST
239,Win with the Blacks. Put some of your focus on the racial tension between Blacks and Whites. #SemST,AGAINST
495,@dedicated_to_it i think the main problem is having your foot in your mouth in the first place. #SemST,NONE
422,"Because I'm against common core, common crooks and common lies! #NoHillary2016 #StopHillaryClinton2016 #WhyImNotVotingForHillary #SemST",AGAINST
503,"White, middle-aged men did a pretty good job leading this Country for 230 yrs. Racist? Sexist? No, I'm a realist. #SemST",AGAINST
240,"@TODAYshow @ChrisChristie is not qualified b/c he eats $82,000 in snacks & b/c of D corruption of #Bridgegate  A BIG FAT BULLY! #SemST",AGAINST
474,@HillaryClinton is opening 10 more offices in Iowa this week.  She's not playing around! #iacaucus #SemST,AGAINST
494,"I hate Hillary Clinton and Obama, please go die together  thrown into the ocean get ripped into prices by sharks. #SemST",AGAINST
38,2016 is going to be a great year. Rush Limbaugh's contract is over and he will be dropped by so many. Liberal victory #stoprush #SemST,NONE
428,crazy to think next up for the Oval Office is either going to be Hillary or a Republican #SemST,AGAINST
92,RT @GunnJessica: Because I want young American women to be able to be proud of the 1st woman president #SemST,FAVOR
344,"I support Bernie on account USA needs a new direction but, if he loses in primary ,I'll support Hillary Clinton. #Sanders2016 #SemST",AGAINST
308,RT @spanglishpop: Thanks @GOP keep sending in the clowns! It makes this upcoming election very entertaining #latinos2016 #Rock... #SemST,NONE
345,"@sunbeltgirl @9975Ts @bobwilsonn ""@HillaryClinton can't even manage @billclinton and she wants to be @POTUS"" #lol #StopHillary2016 #SemST",AGAINST
18,"@HillaryforNV @MissLynnetteH 2 hours left, let's chip in $5, Nevada! #raisethenewPOTUS #SemST",AGAINST
362,@ghostseven77 WE HAVE A TROLL ! #morningjoe #unitedblue #SemST,NONE
220,"Gay Rights are Human Rights, and Human Rights are #GayRights - @HillaryClinton #HillaryForAmerica #SemST",FAVOR
487,RT @Waitingforahero: 2nd tweet-#POTUS2016 candidates #guncontrol Read article-esp #JebBush (make #GunViolence worse) & #GunSen... #SemST,AGAINST
343,@JohnKerry @BALWANIKAPIL @HillaryClinton @StateDept @tomperriello  I didn't realize #PayToPlayDiplomacy was such a big hit!  #SemST,AGAINST
403,Lets remember #dickcheney is an unindicted war criminal b4 we start yelling #Benghazi day after day. Will we ever see justice? #SemST,NONE
317,"@liars_never_win @HillaryClinton shhh, go get me an iced tea..... #SemST",AGAINST
507,Ding Dong ____ _____ __ ____ #SemST,NONE
125,Hilly & Barry's Bloody Benghazi Bamboozle #HillaryIceCreamFlavors   #tcot #WakeUpAmerica #SemST,AGAINST
174,Let's shatter the glass ceiling! - @GerryConnolly #VAdems #SemST,NONE
226,"@theblaze If you think Hillary isn't taking foreign money from Muslim brotherhood, you probably favor Obama as chief justice #SemST",AGAINST
128,WHO'S READY FOR A DAY OF ACTION?! I know I am! #FellowsSC #SemST,NONE
482,Free market capitalism is America's best friend because of constant pressure to innovate & use resources efficiently. #SemST,AGAINST
498,"Night, sleep tight, don't let Hillary bite. says @Tony_Tickets   ""Nightmares"" is all I say.  #SemST",AGAINST
490,"@jstines3 @WoodenThreat Open mouth, reveal heart-Margaret Sanger,architect for black genocide @larryelder @TheFive #HillarySoWhite #SemST",AGAINST
406,I think it's funny people think Bernie can take on Hillary and Bill #SemST,FAVOR
196,@CheekyGent @ChuckCJohnson Hey Hillary is on her to way to buy votes too! #HillarySoOld #SemST,AGAINST
3,@JerseyKidPicks thank you sir. It's an honor to hear it. USA for life. Spread this for me. #RememberBenghazi2016 #SemST,NONE
357,@LaureneDiCillo @NBCNews @dl34l And why are major media outlets not exposing Hillary's blatant flip flopping on this issue. #SemST,AGAINST
358,Hey #TexasState #Bobcats I hope y'all are ready for #MarcoRubio #2016 #TexasStateUniversity #NewAmericanCentury #Texas #TCOT #SemST,NONE
511,"I'd love for some reporter to ask, ""Sec Clinton, will u b returning the White House china, if elected? Or did u already hock it? #SemST",AGAINST
300,@WNTonight i love bernie because he ain't #SemST,NONE
361,RT @putterrod: @IngrahamAngle Republicans everywhere are looking for someone to lead. A leader not a liar. #SemST,AGAINST
45,Thanks @izzybugatti for participating! WE are lucky to have YOU here in Iowa. #FellowsIA #SemST,NONE
377,Leader of free world. Global navigating. Interacting with the international community. Beyond big crowds. Learned lesson. #SemST,AGAINST
436,"I need @JamesCarville & @HillaryClinton to stop emailing me. I love you, but I need my space. #stillvotingforyou #SemST",FAVOR
